MouseID,Mucin_Thickness,Sex,Genotype
805,16.70733333,Female,MUT
878,30.5375,Female,MUT
885,56.222,Female,MUT
905,47.09683333,Female,MUT
906,48.51858333,Female,MUT
973,68.05441667,Female,MUT
974,64.51216667,Female,MUT
901,59.3305,Male,MUT
952,67.93091667,Male,MUT
953,62.21483333,Male,MUT
969,46.63866667,Male,MUT
827,17.95416667,Female,HET
954,41.3745,Female,HET
798,29.78458333,Female,HET
799,31.633,Female,HET
869,15.80366667,Female,HET
810,78.233,Male,HET
851,28.48625,Male,HET
780,20.6075,Male,HET
779,41.1745,Male,HET
778,73.831,Male,HET
755,42.42741667,Male,HET
812,65.63475,Female,WT
877,24.48158333,Female,WT
904,71.25575,Female,WT
795,34.0795,Female,WT
808,84.901,Female,WT
972,21.44633333,Female,WT
809,65.32366667,Male,WT
879,17.01508333,Male,WT
777,32.32358333,Male,WT
756,18.81758333,Male,WT
754,35.53583333,Male,WT
803,22.35941667,Male,WT